hogID,year,shadowPres,dateSample,julDay,GDD,cGDD,numObs,meanJulSpringDay,sdJulSpringDay,seJulSpringDay,earlyOrLate
BC,2018,yes,2018-04-11,101,3.055555556,127.2222222,30,85.86666667,12.43669025,2.270618597,late
BC,2019,no,2019-04-06,96,8.333333333,123.8888889,30,85.86666667,12.43669025,2.270618597,late
BECK,2006,yes,2006-02-15,46,7.222222222,127.0055556,30,72.43333333,14.65860541,2.676282949,early
BECK,2007,no,2007-03-14,73,14.16666667,129.1666667,30,72.43333333,14.65860541,2.676282949,late
BECK,2008,no,2008-03-17,77,0.833333333,128.6111111,30,72.43333333,14.65860541,2.676282949,late
BECK,2009,yes,2009-03-10,69,12.22222222,130,30,72.43333333,14.65860541,2.676282949,early
BECK,2010,no,2010-03-21,80,7.222222222,129.4444444,30,72.43333333,14.65860541,2.676282949,late
BECK,2011,no,2011-03-20,79,7.777777778,133.6111111,30,72.43333333,14.65860541,2.676282949,late
BECK,2012,no,2012-03-07,67,13.33333333,129.4444444,30,72.43333333,14.65860541,2.676282949,early
BECK,2013,no,2013-03-30,89,3.888888889,128.6111111,30,72.43333333,14.65860541,2.676282949,late
BECK,2014,no,2014-04-01,91,14.44444444,131.9444444,30,72.43333333,14.65860541,2.676282949,late
BECK,2015,no,2015-04-01,91,7.5,126.9444444,30,72.43333333,14.65860541,2.676282949,late
BECK,2016,yes,2016-03-07,67,9.444444444,132.7777778,30,72.43333333,14.65860541,2.676282949,early
BECK,2017,yes,2017-02-11,42,6.944444444,130.2777778,30,72.43333333,14.65860541,2.676282949,early
BECK,2018,yes,2018-02-23,54,9.722222222,129.7222222,30,72.43333333,14.65860541,2.676282949,early
BECK,2019,no,2019-03-14,73,15.27777778,136.9444444,30,72.43333333,14.65860541,2.676282949,late
CACK,2010,yes,2010-02-04,35,3.055555556,131.1111111,30,23.9,8.458213719,1.544251483,late
CACK,2011,yes,2011-02-01,32,9.722222222,134.1666667,30,23.9,8.458213719,1.544251483,late
CACK,2012,yes,2012-01-21,21,12.77777778,133.0555556,30,23.9,8.458213719,1.544251483,early
CACK,2013,yes,2013-01-14,14,8.611111111,128.6111111,30,23.9,8.458213719,1.544251483,early
CACK,2014,yes,2014-02-09,40,6.388888889,132.5,30,23.9,8.458213719,1.544251483,late
CACK,2015,no,2015-01-28,28,4.444444444,131.6666667,30,23.9,8.458213719,1.544251483,late
CACK,2016,yes,2016-01-31,31,11.94444444,125.2777778,30,23.9,8.458213719,1.544251483,late
CACK,2017,no,2017-01-15,15,16.66666667,129.7222222,30,23.9,8.458213719,1.544251483,early
CACK,2018,yes,2018-01-31,31,4.444444444,130,30,23.9,8.458213719,1.544251483,late
CACK,2019,yes,2019-01-17,17,3.055555556,128.6111111,30,23.9,8.458213719,1.544251483,early
CECK,2011,yes,2011-02-15,46,3.611111111,127.5,28,28.03571429,17.08038108,3.227888618,late
CECK,2012,yes,2012-01-22,22,2.222222222,127.7777778,28,28.03571429,17.08038108,3.227888618,early
CECK,2013,yes,2013-01-18,18,2.5,130.2777778,28,28.03571429,17.08038108,3.227888618,early
CECK,2014,yes,2014-01-21,21,3.055555556,131.1111111,28,28.03571429,17.08038108,3.227888618,early
CECK,2015,no,2015-01-25,25,6.944444444,133.0555556,28,28.03571429,17.08038108,3.227888618,early
CECK,2016,yes,2016-01-31,31,10.83333333,125,28,28.03571429,17.08038108,3.227888618,late
CECK,2017,no,2017-01-20,20,6.666666667,131.6666667,28,28.03571429,17.08038108,3.227888618,early
CECK,2018,yes,2018-01-28,28,12.5,127.7777778,28,28.03571429,17.08038108,3.227888618,early
CID,2015,yes,2015-04-11,101,8.055555556,131.1111111,30,74,14.6075087,2.666954008,late
CID,2016,yes,2016-02-26,57,0.555555556,129.4444444,30,74,14.6075087,2.666954008,early
CID,2017,yes,2017-02-24,55,14.72222222,129.4444444,30,74,14.6075087,2.666954008,early
CID,2018,yes,2018-02-25,56,4.444444444,129.4444444,30,74,14.6075087,2.666954008,early
CID,2019,yes,2019-03-17,76,2.5,131.1111111,30,74,14.6075087,2.666954008,late
CS,2009,yes,2009-03-27,86,10.27777778,127.5,30,76.86666667,15.46906442,2.824251842,late
CS,2010,yes,2010-03-13,72,4.722222222,127.2222222,30,76.86666667,15.46906442,2.824251842,early
CS,2011,no,2011-03-31,90,4.722222222,130.5555556,30,76.86666667,15.46906442,2.824251842,late
CS,2012,no,2012-02-28,59,3.888888889,129.7222222,30,76.86666667,15.46906442,2.824251842,early
CS,2013,yes,2013-03-27,86,4.444444444,130,30,76.86666667,15.46906442,2.824251842,late
CS,2014,yes,2014-04-02,92,7.5,128.8888889,30,76.86666667,15.46906442,2.824251842,late
CS,2015,yes,2015-04-10,100,6.944444444,127.5,30,76.86666667,15.46906442,2.824251842,late
CS,2016,no,2016-03-06,66,1.388888889,128.6111111,30,76.86666667,15.46906442,2.824251842,early
CS,2017,no,2017-02-25,56,13.05555556,133.3333333,30,76.86666667,15.46906442,2.824251842,early
CS,2018,no,2018-02-28,59,8.055555556,127.2222222,30,76.86666667,15.46906442,2.824251842,early
CS,2019,no,2019-03-23,82,3.333333333,130.2777778,30,76.86666667,15.46906442,2.824251842,late
DKDV,2000,yes,2000-02-27,58,15.83333333,129.4444444,26,73.84615385,16.35284026,3.207055831,early
DKDV,2001,no,2001-04-05,95,6.944444444,127.5,26,73.84615385,16.35284026,3.207055831,late
DKDV,2002,yes,2002-02-23,54,3.611111111,130.2777778,26,73.84615385,16.35284026,3.207055831,early
DKDV,2003,no,2003-03-25,84,9.722222222,130.2777778,26,73.84615385,16.35284026,3.207055831,late
DKDV,2004,yes,2004-03-24,84,5,130.5555556,26,73.84615385,16.35284026,3.207055831,late
DKDV,2005,yes,2005-03-29,88,5.833333333,132.7777778,26,73.84615385,16.35284026,3.207055831,late
DKDV,2006,yes,2006-02-04,35,5.555555556,132.5,26,73.84615385,16.35284026,3.207055831,early
DKDV,2007,yes,2007-03-21,80,0.555555556,123.3333333,26,73.84615385,16.35284026,3.207055831,late
DKDV,2008,no,2008-03-30,90,2.777777778,127.2222222,26,73.84615385,16.35284026,3.207055831,late
DKDV,2009,no,2009-03-25,84,8.333333333,132.5,26,73.84615385,16.35284026,3.207055831,late
DKDV,2010,no,2010-03-25,84,5,130.5555556,26,73.84615385,16.35284026,3.207055831,late
DKDV,2011,no,2011-03-22,81,3.333333333,130.2777778,26,73.84615385,16.35284026,3.207055831,late
DKDV,2016,yes,2016-03-10,70,17.5,130.5555556,26,73.84615385,16.35284026,3.207055831,early
DKDV,2017,yes,2017-02-24,55,10,124.7222222,26,73.84615385,16.35284026,3.207055831,early
DKDV,2018,no,2018-03-02,61,1.944444444,130,26,73.84615385,16.35284026,3.207055831,early
DKDV,2019,no,2019-03-31,90,6.944444444,129.1666667,26,73.84615385,16.35284026,3.207055831,late
EE,2011,yes,2011-03-05,64,11.94444444,135.5555556,30,50.83333333,15.73286333,2.872414713,late
EE,2012,no,2012-02-01,32,12.77777778,131.1111111,30,50.83333333,15.73286333,2.872414713,early
EE,2013,no,2013-02-15,46,6.944444444,129.1666667,30,50.83333333,15.73286333,2.872414713,early
EE,2014,yes,2014-03-15,74,10.83333333,133.6111111,30,50.83333333,15.73286333,2.872414713,late
EE,2015,yes,2015-03-27,86,6.388888889,130.2777778,30,50.83333333,15.73286333,2.872414713,late
EE,2016,yes,2016-02-21,52,8.333333333,131.6666667,30,50.83333333,15.73286333,2.872414713,late
EE,2017,yes,2017-02-01,32,3.888888889,129.7222222,30,50.83333333,15.73286333,2.872414713,early
EE,2018,no,2018-02-16,47,8.611111111,134.1666667,30,50.83333333,15.73286333,2.872414713,early
EE,2019,no,2019-02-22,53,4.722222222,131.6666667,30,50.83333333,15.73286333,2.872414713,late
FCFE,2002,yes,2002-02-11,42,0.277777778,128.6111111,30,58.03333333,45.22547599,8.257004457,early
FCFE,2003,no,2003-03-16,75,13.05555556,128.0555556,30,58.03333333,45.22547599,8.257004457,late
FCFE,2004,yes,2004-03-02,62,12.22222222,133.3333333,30,58.03333333,45.22547599,8.257004457,late
FCFE,2005,yes,2005-01-12,12,16.94444444,125.2777778,30,58.03333333,45.22547599,8.257004457,early
FCFE,2006,no,2006-01-19,19,6.944444444,125.8333333,30,58.03333333,45.22547599,8.257004457,early
FCFE,2007,no,2007-02-22,53,3.888888889,130.5555556,30,58.03333333,45.22547599,8.257004457,early
FCFE,2008,yes,2008-02-06,37,12.77777778,133.6111111,30,58.03333333,45.22547599,8.257004457,early
FCFE,2009,no,2009-03-05,64,4.444444444,128.6111111,30,58.03333333,45.22547599,8.257004457,late
FCFE,2010,no,2010-03-14,73,7.5,128.0555556,30,58.03333333,45.22547599,8.257004457,late
FCFE,2011,no,2011-02-28,59,8.888888889,130.2777778,30,58.03333333,45.22547599,8.257004457,late
FCFE,2012,no,2012-02-05,36,1.388888889,129.7222222,30,58.03333333,45.22547599,8.257004457,early
FCFE,2013,no,2013-02-12,43,4.444444444,130,30,58.03333333,45.22547599,8.257004457,early
FCFE,2014,no,2014-03-11,70,15,126.9444444,30,58.03333333,45.22547599,8.257004457,late
FCFE,2015,no,2015-03-16,75,11.11111111,133.0555556,30,58.03333333,45.22547599,8.257004457,late
FCFE,2016,yes,2016-02-20,51,14.72222222,125.2777778,30,58.03333333,45.22547599,8.257004457,early
FCFE,2017,yes,2017-01-23,23,6.666666667,128.8888889,30,58.03333333,45.22547599,8.257004457,early
FCFE,2018,yes,2018-02-13,44,0.555555556,126.9444444,30,58.03333333,45.22547599,8.257004457,early
FCFE,2019,yes,2019-02-06,37,11.66666667,126.3888889,30,58.03333333,45.22547599,8.257004457,early
FDG,2010,yes,2010-04-28,118,4.9,132.35,29,131.8275862,19.72682902,3.663180186,early
FDG,2011,yes,2011-05-14,134,3.6,130.4,29,131.8275862,19.72682902,3.663180186,late
FDG,2012,yes,2012-05-10,131,6.05,129.9,29,131.8275862,19.72682902,3.663180186,early
FDG,2013,yes,2013-05-15,135,8.9,130.95,29,131.8275862,19.72682902,3.663180186,late
FDG,2014,no,2014-05-18,138,7.9,127.85,29,131.8275862,19.72682902,3.663180186,late
FDG,2015,yes,2015-05-22,142,6.05,130.45,29,131.8275862,19.72682902,3.663180186,late
FDG,2016,yes,2016-05-17,138,6.1,131.5,29,131.8275862,19.72682902,3.663180186,late
FDG,2017,no,2017-05-16,136,9,130.95,29,131.8275862,19.72682902,3.663180186,late
FDG,2018,no,2018-05-19,139,4.4,130.5,29,131.8275862,19.72682902,3.663180186,late
FDG,2019,yes,2019-02-04,35,2.9,8.75,29,131.8275862,19.72682902,3.663180186,early
GBLE,1993,no,1993-01-10,10,7.222222222,128.0555556,30,17.63333333,6.467336143,1.180768631,early
GBLE,2000,no,2000-01-10,10,17.5,128.3333333,30,17.63333333,6.467336143,1.180768631,early
GBLE,2002,no,2002-01-21,21,11.94444444,128.0555556,30,17.63333333,6.467336143,1.180768631,late
GBLE,2003,no,2003-01-21,21,10.27777778,125.2777778,30,17.63333333,6.467336143,1.180768631,late
GBLE,2004,yes,2004-01-16,16,8.611111111,127.5,30,17.63333333,6.467336143,1.180768631,early
GBLE,2005,no,2005-01-09,9,11.94444444,127.5,30,17.63333333,6.467336143,1.180768631,early
GBLE,2006,no,2006-01-12,12,15.27777778,130,30,17.63333333,6.467336143,1.180768631,early
GBLE,2007,no,2007-01-11,11,4.166666667,129.7222222,30,17.63333333,6.467336143,1.180768631,early
GBLE,2008,no,2008-01-14,14,9.166666667,127.5,30,17.63333333,6.467336143,1.180768631,early
GBLE,2009,no,2009-01-13,13,5,129.7222222,30,17.63333333,6.467336143,1.180768631,early
GBLE,2010,no,2010-01-26,26,7.5,131.6666667,30,17.63333333,6.467336143,1.180768631,late
GBLE,2011,no,2011-01-29,29,7.777777778,126.6666667,30,17.63333333,6.467336143,1.180768631,late
GBLE,2012,no,2012-01-12,12,15.27777778,127.7777778,30,17.63333333,6.467336143,1.180768631,early
GBLE,2013,yes,2013-01-12,12,19.16666667,130,30,17.63333333,6.467336143,1.180768631,early
GBLE,2014,no,2014-02-02,33,12.77777778,131.1111111,30,17.63333333,6.467336143,1.180768631,late
GBLE,2015,no,2015-01-22,22,8.333333333,129.7222222,30,17.63333333,6.467336143,1.180768631,late
GBLE,2016,no,2016-01-26,26,7.5,125,30,17.63333333,6.467336143,1.180768631,late
GBLE,2017,no,2017-01-15,15,15.55555556,137.5,30,17.63333333,6.467336143,1.180768631,early
GBLE,2018,yes,2018-01-26,26,8.611111111,133.0555556,30,17.63333333,6.467336143,1.180768631,late
GBLE,2019,yes,2019-01-14,14,4.444444444,130,30,17.63333333,6.467336143,1.180768631,early
GTGH,2015,no,2015-03-15,74,9.722222222,123.6111111,30,56.23333333,15.16730452,2.769158274,late
GTGH,2016,no,2016-02-24,55,3.055555556,129.4444444,30,56.23333333,15.16730452,2.769158274,early
GTGH,2017,no,2017-01-25,25,8.611111111,130,30,56.23333333,15.16730452,2.769158274,early
GTGH,2018,yes,2018-02-19,50,13.33333333,122.2222222,30,56.23333333,15.16730452,2.769158274,early
GTGH,2019,no,2019-02-27,58,3.333333333,129.1666667,30,56.23333333,15.16730452,2.769158274,late
GYGH,2011,no,2011-02-10,41,3.333333333,130,30,25.8,8.782427596,1.603444568,late
GYGH,2012,yes,2012-01-26,26,11.38888889,131.1111111,30,25.8,8.782427596,1.603444568,late
GYGH,2014,yes,2014-02-05,36,10.55555556,131.6666667,30,25.8,8.782427596,1.603444568,late
GYGH,2015,yes,2015-01-27,27,1.944444444,128.8888889,30,25.8,8.782427596,1.603444568,late
GYGH,2016,no,2016-02-01,32,12.77777778,132.7777778,30,25.8,8.782427596,1.603444568,late
GYGH,2017,no,2017-01-18,18,14.16666667,135.2777778,30,25.8,8.782427596,1.603444568,early
GYGH,2018,yes,2018-02-01,32,5.277777778,131.1111111,30,25.8,8.782427596,1.603444568,late
GYGH,2019,yes,2019-01-19,19,7.777777778,131.3888889,30,25.8,8.782427596,1.603444568,early
HBTO,2002,yes,2002-02-19,50,5,126.1111111,30,83.23333333,30.014575,5.479886594,early
HBTO,2003,no,2003-03-27,86,9.722222222,133.3333333,30,83.23333333,30.014575,5.479886594,late
HBTO,2004,no,2004-03-23,83,4.722222222,126.1111111,30,83.23333333,30.014575,5.479886594,early
HBTO,2005,no,2005-03-30,89,13.88888889,125.2777778,30,83.23333333,30.014575,5.479886594,late
HBTO,2006,yes,2006-02-23,54,3.333333333,130.2777778,30,83.23333333,30.014575,5.479886594,early
HBTO,2007,no,2007-03-22,81,13.61111111,133.6111111,30,83.23333333,30.014575,5.479886594,early
HBTO,2008,no,2008-03-26,86,4.722222222,129.7222222,30,83.23333333,30.014575,5.479886594,late
HBTO,2009,yes,2009-03-17,76,9.722222222,131.1111111,30,83.23333333,30.014575,5.479886594,early
HBTO,2010,no,2010-03-22,81,4.722222222,130.2777778,30,83.23333333,30.014575,5.479886594,early
HBTO,2012,no,2012-03-10,70,1.388888889,129.4444444,30,83.23333333,30.014575,5.479886594,early
HBTO,2013,yes,2013-04-05,95,5.555555556,132.5,30,83.23333333,30.014575,5.479886594,late
HBTO,2014,yes,2014-04-09,99,8.333333333,133.0555556,30,83.23333333,30.014575,5.479886594,late
HBTO,2015,yes,2015-04-05,95,10.55555556,126.9444444,30,83.23333333,30.014575,5.479886594,late
HBTO,2016,yes,2016-03-08,68,16.38888889,123.8888889,30,83.23333333,30.014575,5.479886594,early
HBTO,2017,yes,2017-02-19,50,9.722222222,133.3333333,30,83.23333333,30.014575,5.479886594,early
HBTO,2018,yes,2018-02-27,58,8.333333333,129.7222222,30,83.23333333,30.014575,5.479886594,early
HEHL,1999,no,1999-02-17,48,6.666666667,132.2222222,30,58,17.0476007,3.112451818,early
HEHL,2000,yes,2000-02-28,59,6.944444444,127.5,30,58,17.0476007,3.112451818,late
HEHL,2001,no,2001-03-21,80,5.277777778,128.3333333,30,58,17.0476007,3.112451818,late
HEHL,2002,no,2002-02-10,41,4.166666667,130.8333333,30,58,17.0476007,3.112451818,early
HEHL,2003,yes,2003-03-22,81,14.44444444,130.8333333,30,58,17.0476007,3.112451818,late
HEHL,2004,yes,2004-03-13,73,1.666666667,129.1666667,30,58,17.0476007,3.112451818,late
HEHL,2005,no,2005-03-22,81,4.722222222,130.2777778,30,58,17.0476007,3.112451818,late
HEHL,2006,yes,2006-02-04,35,6.388888889,131.3888889,30,58,17.0476007,3.112451818,early
HEHL,2007,yes,2007-03-02,61,6.666666667,131.6666667,30,58,17.0476007,3.112451818,late
HEHL,2008,yes,2008-02-18,49,9.166666667,134.1666667,30,58,17.0476007,3.112451818,early
HEHL,2009,yes,2009-03-15,74,6.111111111,129.1666667,30,58,17.0476007,3.112451818,late
HEHL,2010,yes,2010-03-12,71,6.111111111,131.9444444,30,58,17.0476007,3.112451818,late
HEHL,2011,yes,2011-03-13,72,7.5,130,30,58,17.0476007,3.112451818,late
HEHL,2012,no,2012-02-06,37,2.777777778,129.4444444,30,58,17.0476007,3.112451818,early
HEHL,2013,yes,2013-03-05,64,3.888888889,131.6666667,30,58,17.0476007,3.112451818,late
HEHL,2014,no,2014-03-19,78,3.055555556,130,30,58,17.0476007,3.112451818,late
HEHL,2015,yes,2015-04-02,92,5.555555556,127.7777778,30,58,17.0476007,3.112451818,late
HEHL,2016,no,2016-02-23,54,2.777777778,131.1111111,30,58,17.0476007,3.112451818,early
HEHL,2017,no,2017-02-11,42,1.111111111,130.2777778,30,58,17.0476007,3.112451818,early
HEHL,2018,no,2018-02-20,51,12.5,134.7222222,30,58,17.0476007,3.112451818,early
HEHL,2019,no,2019-03-10,69,4.722222222,127.5,30,58,17.0476007,3.112451818,late
JYGG,1994,no,1994-04-13,103,6.944444444,132.7777778,30,95.83333333,12.27018628,2.24021927,late
JYGG,1995,no,1995-03-25,84,6.388888889,128.8888889,30,95.83333333,12.27018628,2.24021927,early
JYGG,1996,yes,1996-04-11,102,15.27777778,134.4444444,30,95.83333333,12.27018628,2.24021927,late
JYGG,1997,no,1997-04-03,93,13.33333333,130.5555556,30,95.83333333,12.27018628,2.24021927,early
JYGG,1998,yes,1998-03-28,87,13.61111111,130.2777778,30,95.83333333,12.27018628,2.24021927,early
JYGG,1999,no,1999-03-31,90,16.38888889,128.6111111,30,95.83333333,12.27018628,2.24021927,early
JYGG,2000,no,2000-03-06,66,17.77777778,121.3888889,30,95.83333333,12.27018628,2.24021927,early
JYGG,2001,yes,2001-04-13,103,8.055555556,127.2222222,30,95.83333333,12.27018628,2.24021927,late
JYGG,2002,yes,2002-04-07,97,5.833333333,132.5,30,95.83333333,12.27018628,2.24021927,late
JYGG,2003,no,2003-04-01,91,10.55555556,131.3888889,30,95.83333333,12.27018628,2.24021927,early
JYGG,2004,no,2004-03-31,91,2.222222222,128.6111111,30,95.83333333,12.27018628,2.24021927,early
JYGG,2005,no,2005-04-05,95,17.22222222,132.7777778,30,95.83333333,12.27018628,2.24021927,early
JYGG,2006,no,2006-04-06,96,9.722222222,131.3888889,30,95.83333333,12.27018628,2.24021927,late
JYGG,2007,yes,2007-03-27,86,10.83333333,135,30,95.83333333,12.27018628,2.24021927,early
JYGG,2008,no,2008-04-19,110,9.166666667,123.8888889,30,95.83333333,12.27018628,2.24021927,late
JYGG,2009,yes,2009-04-15,105,6.666666667,131.6666667,30,95.83333333,12.27018628,2.24021927,late
JYGG,2010,no,2010-04-02,92,17.22222222,125,30,95.83333333,12.27018628,2.24021927,early
JYGG,2011,no,2011-04-22,112,4.444444444,131.1111111,30,95.83333333,12.27018628,2.24021927,late
JYGG,2012,no,2012-03-18,78,18.05555556,123.6111111,30,95.83333333,12.27018628,2.24021927,early
JYGG,2013,no,2013-04-29,119,14.44444444,132.5,30,95.83333333,12.27018628,2.24021927,late
JYGG,2014,yes,2014-04-22,112,10.55555556,129.1666667,30,95.83333333,12.27018628,2.24021927,late
JYGG,2015,no,2015-04-04,94,1.944444444,128.3333333,30,95.83333333,12.27018628,2.24021927,early
JYGG,2016,no,2016-03-19,79,1.111111111,130.2777778,30,95.83333333,12.27018628,2.24021927,early
JYGG,2017,yes,2017-03-25,84,7.777777778,129.4444444,30,95.83333333,12.27018628,2.24021927,early
JYGG,2018,yes,2018-04-26,116,8.055555556,130.8333333,30,95.83333333,12.27018628,2.24021927,late
JYGG,2019,no,2019-04-09,99,12.77777778,126.1111111,30,95.83333333,12.27018628,2.24021927,late
LELY,2013,no,2013-04-09,99,11.66666667,133.3333333,30,92.16666667,11.98298602,2.187783917,late
LELY,2014,yes,2014-04-14,104,19.44444444,135.8333333,30,92.16666667,11.98298602,2.187783917,late
LELY,2015,no,2015-04-18,108,11.11111111,133.3333333,30,92.16666667,11.98298602,2.187783917,late
LELY,2016,no,2016-03-16,76,8.611111111,132.2222222,30,92.16666667,11.98298602,2.187783917,early
LELY,2017,yes,2017-03-08,67,5.555555556,129.4444444,30,92.16666667,11.98298602,2.187783917,early
LELY,2018,yes,2018-04-13,103,6.944444444,130.2777778,30,92.16666667,11.98298602,2.187783917,late
LELY,2019,no,2019-04-08,98,11.38888889,123.6111111,30,92.16666667,11.98298602,2.187783917,late
MEML,1996,yes,1996-02-28,59,8.055555556,133.9555556,30,53.93333333,17.49272427,3.193719891,late
MEML,1997,yes,1997-02-20,51,8.055555556,131.3888889,30,53.93333333,17.49272427,3.193719891,early
MEML,1998,no,1998-01-29,29,6.111111111,128.6111111,30,53.93333333,17.49272427,3.193719891,early
MEML,1999,no,1999-02-16,47,4.722222222,129.7222222,30,53.93333333,17.49272427,3.193719891,early
MEML,2000,no,2000-02-25,56,7.5,129.7222222,30,53.93333333,17.49272427,3.193719891,late
MEML,2001,no,2001-03-11,70,5.277777778,128.3333333,30,53.93333333,17.49272427,3.193719891,late
MEML,2002,yes,2002-02-01,32,8.055555556,133.0555556,30,53.93333333,17.49272427,3.193719891,early
MEML,2003,yes,2003-03-21,80,10.27777778,132.2222222,30,53.93333333,17.49272427,3.193719891,late
MEML,2004,yes,2004-03-05,65,6.944444444,130.8333333,30,53.93333333,17.49272427,3.193719891,late
MEML,2005,yes,2005-02-15,46,8.055555556,129.7222222,30,53.93333333,17.49272427,3.193719891,early
MEML,2006,no,2006-01-30,30,10.27777778,130.8333333,30,53.93333333,17.49272427,3.193719891,early
MEML,2007,no,2007-02-20,51,2.777777778,127.5,30,53.93333333,17.49272427,3.193719891,early
MEML,2008,no,2008-02-07,38,6.944444444,131.3888889,30,53.93333333,17.49272427,3.193719891,early
MEML,2009,no,2009-03-08,67,11.66666667,130.5555556,30,53.93333333,17.49272427,3.193719891,late
MEML,2010,yes,2010-03-07,66,8.333333333,126.6666667,30,53.93333333,17.49272427,3.193719891,late
MEML,2011,no,2011-03-10,69,6.388888889,130,30,53.93333333,17.49272427,3.193719891,late
MEML,2012,yes,2012-02-01,32,11.66666667,129.1666667,30,53.93333333,17.49272427,3.193719891,early
MEML,2013,yes,2013-02-23,54,4.444444444,130.8333333,30,53.93333333,17.49272427,3.193719891,late
MEML,2014,no,2014-03-12,71,7.5,128.3333333,30,53.93333333,17.49272427,3.193719891,late
MEML,2015,yes,2015-03-25,84,3.333333333,131.1111111,30,53.93333333,17.49272427,3.193719891,late
MEML,2016,no,2016-02-19,50,0.277777778,129.7222222,30,53.93333333,17.49272427,3.193719891,early
MEML,2017,no,2017-01-28,28,2.777777778,128.8888889,30,53.93333333,17.49272427,3.193719891,early
MEML,2018,yes,2018-02-20,51,11.94444444,133.6111111,30,53.93333333,17.49272427,3.193719891,early
MEML,2019,no,2019-02-24,55,5.833333333,130.8333333,30,53.93333333,17.49272427,3.193719891,late
MSG,2008,yes,2008-03-26,86,6.388888889,131.1111111,30,80.76666667,13.46690281,2.458708816,late
MSG,2009,no,2009-03-28,87,10.27777778,131.3888889,30,80.76666667,13.46690281,2.458708816,late
MSG,2010,yes,2010-03-18,77,12.5,130.5555556,30,80.76666667,13.46690281,2.458708816,early
MSG,2011,no,2011-04-01,91,1.944444444,129.1666667,30,80.76666667,13.46690281,2.458708816,late
MSG,2012,no,2012-03-09,69,7.777777778,130,30,80.76666667,13.46690281,2.458708816,early
MSG,2013,yes,2013-03-30,89,6.388888889,129.4444444,30,80.76666667,13.46690281,2.458708816,late
MSG,2014,yes,2014-04-06,96,5.555555556,128.3333333,30,80.76666667,13.46690281,2.458708816,late
MSG,2015,no,2015-04-15,105,10,134.7222222,30,80.76666667,13.46690281,2.458708816,late
MSG,2016,yes,2016-03-10,70,14.44444444,132.7777778,30,80.76666667,13.46690281,2.458708816,early
MSG,2017,yes,2017-02-26,57,2.5,130.5555556,30,80.76666667,13.46690281,2.458708816,early
MSG,2018,yes,2018-03-01,60,8.611111111,130,30,80.76666667,13.46690281,2.458708816,early
MSG,2019,yes,2019-03-25,84,3.055555556,131.3888889,30,80.76666667,13.46690281,2.458708816,late
NS,2011,yes,2011-02-16,47,10.27777778,134.1666667,31,31.41935484,11.10787767,1.995033723,late
NS,2012,no,2012-01-24,24,8.888888889,130.5555556,31,31.41935484,11.10787767,1.995033723,early
NS,2013,no,2013-01-16,16,11.94444444,129.4444444,31,31.41935484,11.10787767,1.995033723,early
NS,2014,no,2014-02-17,48,3.888888889,128.6111111,31,31.41935484,11.10787767,1.995033723,late
NS,2015,no,2015-02-03,34,0.833333333,128.8888889,31,31.41935484,11.10787767,1.995033723,late
NS,2016,no,2016-02-07,38,2.777777778,130.8333333,31,31.41935484,11.10787767,1.995033723,late
OSOE,2015,yes,2015-04-13,103,13.5,133.8,30,92.06666667,12.17383665,2.222628315,late
OSOE,2016,no,2016-03-14,74,11.8,134.7,30,92.06666667,12.17383665,2.222628315,early
OSOE,2017,yes,2017-03-01,60,4.65,128.8,30,92.06666667,12.17383665,2.222628315,early
OSOE,2018,yes,2018-04-12,102,12.3,133.95,30,92.06666667,12.17383665,2.222628315,late
OSOE,2019,yes,2019-04-06,96,7.25,127.4,30,92.06666667,12.17383665,2.222628315,late
PYPL,1898,yes,1898-03-21,80,4.444444444,126.1111111,109,88.22018349,14.16984134,1.35722465,early
PYPL,1901,yes,1901-04-15,105,8.333333333,127.7777778,109,88.22018349,14.16984134,1.35722465,late
PYPL,1904,yes,1904-04-21,112,4.444444444,127.5,109,88.22018349,14.16984134,1.35722465,late
PYPL,1905,yes,1905-03-31,90,10.83333333,131.3888889,109,88.22018349,14.16984134,1.35722465,late
PYPL,1906,yes,1906-04-10,100,4.166666667,131.9444444,109,88.22018349,14.16984134,1.35722465,late
PYPL,1909,yes,1909-03-13,72,7.5,130.5555556,109,88.22018349,14.16984134,1.35722465,early
PYPL,1910,yes,1910-03-27,86,9.444444444,124.1666667,109,88.22018349,14.16984134,1.35722465,early
PYPL,1913,yes,1913-03-21,80,13.88888889,130.2777778,109,88.22018349,14.16984134,1.35722465,early
PYPL,1914,yes,1914-03-29,88,6.388888889,128.6111111,109,88.22018349,14.16984134,1.35722465,early
PYPL,1915,yes,1915-04-13,103,5.277777778,131.1111111,109,88.22018349,14.16984134,1.35722465,late
PYPL,1916,yes,1916-03-28,88,3.888888889,131.6666667,109,88.22018349,14.16984134,1.35722465,early
PYPL,1917,yes,1917-03-31,90,9.444444444,128.6111111,109,88.22018349,14.16984134,1.35722465,late
PYPL,1918,yes,1918-03-20,79,11.11111111,135.2777778,109,88.22018349,14.16984134,1.35722465,early
PYPL,1919,yes,1919-03-16,75,1.944444444,125.2777778,109,88.22018349,14.16984134,1.35722465,early
PYPL,1920,yes,1920-04-01,92,9.722222222,133.3333333,109,88.22018349,14.16984134,1.35722465,late
PYPL,1921,yes,1921-03-12,71,10,126.9444444,109,88.22018349,14.16984134,1.35722465,early
PYPL,1923,yes,1923-04-07,97,8.888888889,131.9444444,109,88.22018349,14.16984134,1.35722465,late
PYPL,1924,yes,1924-04-16,107,8.888888889,131.1111111,109,88.22018349,14.16984134,1.35722465,late
PYPL,1926,yes,1926-04-13,103,4.722222222,131.6666667,109,88.22018349,14.16984134,1.35722465,late
PYPL,1927,yes,1927-03-13,72,16.94444444,125.2777778,109,88.22018349,14.16984134,1.35722465,early
PYPL,1928,yes,1928-03-25,85,10.55555556,128.6111111,109,88.22018349,14.16984134,1.35722465,early
PYPL,1930,yes,1930-02-25,56,9.722222222,128.6111111,109,88.22018349,14.16984134,1.35722465,early
PYPL,1931,yes,1931-04-13,103,12.5,132.7777778,109,88.22018349,14.16984134,1.35722465,late
PYPL,1932,yes,1932-02-12,43,6.388888889,130,109,88.22018349,14.16984134,1.35722465,early
PYPL,1933,yes,1933-04-06,96,10.55555556,130.5555556,109,88.22018349,14.16984134,1.35722465,late
PYPL,1934,no,1934-04-06,96,8.333333333,124.1666667,109,88.22018349,14.16984134,1.35722465,late
PYPL,1935,yes,1935-03-21,80,11.11111111,127.2222222,109,88.22018349,14.16984134,1.35722465,early
PYPL,1936,yes,1936-04-27,118,5,132.2222222,109,88.22018349,14.16984134,1.35722465,late
PYPL,1938,yes,1938-03-23,82,11.66666667,125.2777778,109,88.22018349,14.16984134,1.35722465,early
PYPL,1939,yes,1939-04-01,91,3.888888889,131.3888889,109,88.22018349,14.16984134,1.35722465,late
PYPL,1940,yes,1940-04-20,111,10.55555556,128.0555556,109,88.22018349,14.16984134,1.35722465,late
PYPL,1941,yes,1941-04-14,104,15.55555556,128.0555556,109,88.22018349,14.16984134,1.35722465,late
PYPL,1944,yes,1944-04-10,101,9.722222222,130.8333333,109,88.22018349,14.16984134,1.35722465,late
PYPL,1945,yes,1945-03-25,84,6.666666667,127.5,109,88.22018349,14.16984134,1.35722465,early
PYPL,1946,yes,1946-03-16,75,10,129.1666667,109,88.22018349,14.16984134,1.35722465,early
PYPL,1948,yes,1948-03-26,86,6.666666667,132.2222222,109,88.22018349,14.16984134,1.35722465,early
PYPL,1949,yes,1949-03-22,81,8.611111111,132.7777778,109,88.22018349,14.16984134,1.35722465,early
PYPL,1950,no,1950-01-29,29,9.722222222,131.1111111,109,88.22018349,14.16984134,1.35722465,early
PYPL,1951,yes,1951-03-19,78,3.055555556,128.6111111,109,88.22018349,14.16984134,1.35722465,early
PYPL,1952,yes,1952-03-22,82,6.388888889,129.7222222,109,88.22018349,14.16984134,1.35722465,early
PYPL,1953,yes,1953-03-16,75,6.388888889,130.5555556,109,88.22018349,14.16984134,1.35722465,early
PYPL,1954,yes,1954-03-24,83,1.666666667,128.0555556,109,88.22018349,14.16984134,1.35722465,early
PYPL,1955,yes,1955-03-21,80,5.555555556,130.2777778,109,88.22018349,14.16984134,1.35722465,early
PYPL,1956,yes,1956-04-12,103,5.555555556,132.2222222,109,88.22018349,14.16984134,1.35722465,late
PYPL,1957,yes,1957-04-18,108,8.611111111,130,109,88.22018349,14.16984134,1.35722465,late
PYPL,1958,yes,1958-04-19,109,13.61111111,128.0555556,109,88.22018349,14.16984134,1.35722465,late
PYPL,1959,yes,1959-04-01,91,11.11111111,129.4444444,109,88.22018349,14.16984134,1.35722465,late
PYPL,1960,yes,1960-04-08,99,2.5,130,109,88.22018349,14.16984134,1.35722465,late
PYPL,1961,yes,1961-03-22,81,1.944444444,130.2777778,109,88.22018349,14.16984134,1.35722465,early
PYPL,1962,yes,1962-04-07,97,8.888888889,133.6111111,109,88.22018349,14.16984134,1.35722465,late
PYPL,1963,yes,1963-04-02,92,9.722222222,133.8888889,109,88.22018349,14.16984134,1.35722465,late
PYPL,1964,yes,1964-03-27,87,5,128.3333333,109,88.22018349,14.16984134,1.35722465,early
PYPL,1965,yes,1965-04-12,102,11.94444444,131.3888889,109,88.22018349,14.16984134,1.35722465,late
PYPL,1966,yes,1966-03-23,82,12.5,129.1666667,109,88.22018349,14.16984134,1.35722465,early
PYPL,1967,yes,1967-03-28,87,10,128.6111111,109,88.22018349,14.16984134,1.35722465,early
PYPL,1968,yes,1968-03-31,91,7.5,133.3333333,109,88.22018349,14.16984134,1.35722465,late
PYPL,1969,yes,1969-04-09,99,10,131.3888889,109,88.22018349,14.16984134,1.35722465,late
PYPL,1970,yes,1970-04-18,108,10,128.0555556,109,88.22018349,14.16984134,1.35722465,late
PYPL,1971,yes,1971-04-13,103,11.38888889,134.1666667,109,88.22018349,14.16984134,1.35722465,late
PYPL,1972,yes,1972-04-04,95,2.777777778,128.8888889,109,88.22018349,14.16984134,1.35722465,late
PYPL,1973,yes,1973-03-10,69,7.222222222,131.1111111,109,88.22018349,14.16984134,1.35722465,early
PYPL,1974,yes,1974-03-21,80,1.666666667,129.7222222,109,88.22018349,14.16984134,1.35722465,early
PYPL,1975,no,1975-04-04,94,1.944444444,130,109,88.22018349,14.16984134,1.35722465,late
PYPL,1976,yes,1976-03-05,65,15.83333333,134.7222222,109,88.22018349,14.16984134,1.35722465,early
PYPL,1977,yes,1977-03-28,87,6.388888889,128.3333333,109,88.22018349,14.16984134,1.35722465,early
PYPL,1978,yes,1978-04-12,102,13.05555556,136.3888889,109,88.22018349,14.16984134,1.35722465,late
PYPL,1979,yes,1979-03-31,90,13.33333333,131.6666667,109,88.22018349,14.16984134,1.35722465,late
PYPL,1980,yes,1980-04-07,98,7.5,125.5555556,109,88.22018349,14.16984134,1.35722465,late
PYPL,1981,yes,1981-04-02,92,13.33333333,133.8888889,109,88.22018349,14.16984134,1.35722465,late
PYPL,1982,yes,1982-04-17,107,15.83333333,128.0555556,109,88.22018349,14.16984134,1.35722465,late
PYPL,1983,no,1983-03-15,74,5.555555556,130.5555556,109,88.22018349,14.16984134,1.35722465,early
PYPL,1984,yes,1984-04-05,96,6.111111111,129.4444444,109,88.22018349,14.16984134,1.35722465,late
PYPL,1985,yes,1985-04-05,95,7.5,122.7777778,109,88.22018349,14.16984134,1.35722465,late
PYPL,1986,no,1986-03-29,88,6.111111111,122.7777778,109,88.22018349,14.16984134,1.35722465,early
PYPL,1987,yes,1987-04-07,97,5.555555556,128.3333333,109,88.22018349,14.16984134,1.35722465,late
PYPL,1988,no,1988-04-01,92,5.833333333,126.3888889,109,88.22018349,14.16984134,1.35722465,late
PYPL,1989,yes,1989-03-29,88,17.5,132.5,109,88.22018349,14.16984134,1.35722465,early
PYPL,1990,no,1990-03-13,72,14.16666667,132.2222222,109,88.22018349,14.16984134,1.35722465,early
PYPL,1991,yes,1991-03-29,88,6.944444444,131.6666667,109,88.22018349,14.16984134,1.35722465,early
PYPL,1992,yes,1992-03-31,91,0.833333333,128.0555556,109,88.22018349,14.16984134,1.35722465,late
PYPL,1993,yes,1993-04-06,96,4.722222222,128.8888889,109,88.22018349,14.16984134,1.35722465,late
PYPL,1994,yes,1994-04-13,103,9.166666667,126.3888889,109,88.22018349,14.16984134,1.35722465,late
PYPL,1995,no,1995-03-19,78,4.722222222,128.3333333,109,88.22018349,14.16984134,1.35722465,early
PYPL,1996,yes,1996-04-02,93,1.111111111,129.4444444,109,88.22018349,14.16984134,1.35722465,late
PYPL,1997,no,1997-03-22,81,7.222222222,133.3333333,109,88.22018349,14.16984134,1.35722465,early
PYPL,1998,yes,1998-03-03,62,2.222222222,130.2777778,109,88.22018349,14.16984134,1.35722465,early
PYPL,1999,no,1999-04-03,93,14.44444444,122.7777778,109,88.22018349,14.16984134,1.35722465,late
PYPL,2000,yes,2000-03-11,71,1.666666667,130.5555556,109,88.22018349,14.16984134,1.35722465,early
PYPL,2001,yes,2001-04-09,99,15.83333333,126.1111111,109,88.22018349,14.16984134,1.35722465,late
PYPL,2002,yes,2002-03-15,74,8.055555556,129.4444444,109,88.22018349,14.16984134,1.35722465,early
PYPL,2003,yes,2003-03-29,88,13.88888889,126.6666667,109,88.22018349,14.16984134,1.35722465,early
PYPL,2004,yes,2004-03-29,89,12.5,127.5,109,88.22018349,14.16984134,1.35722465,late
PYPL,2005,yes,2005-04-03,93,3.333333333,129.4444444,109,88.22018349,14.16984134,1.35722465,late
PYPL,2006,yes,2006-03-13,72,11.11111111,130,109,88.22018349,14.16984134,1.35722465,early
PYPL,2007,no,2007-03-26,85,9.166666667,129.7222222,109,88.22018349,14.16984134,1.35722465,early
PYPL,2008,yes,2008-04-05,96,7.5,132.5,109,88.22018349,14.16984134,1.35722465,late
PYPL,2009,yes,2009-03-29,88,6.944444444,128.8888889,109,88.22018349,14.16984134,1.35722465,early
PYPL,2010,yes,2010-03-28,87,1.944444444,128.8888889,109,88.22018349,14.16984134,1.35722465,early
PYPL,2011,no,2011-04-10,100,6.944444444,126.6666667,109,88.22018349,14.16984134,1.35722465,late
PYPL,2012,yes,2012-03-15,75,10.55555556,129.4444444,109,88.22018349,14.16984134,1.35722465,early
PYPL,2013,no,2013-04-10,100,17.22222222,135.5555556,109,88.22018349,14.16984134,1.35722465,late
PYPL,2014,yes,2014-04-10,100,4.444444444,127.5,109,88.22018349,14.16984134,1.35722465,late
PYPL,2015,yes,2015-04-12,102,3.611111111,126.6666667,109,88.22018349,14.16984134,1.35722465,late
PYPL,2016,no,2016-03-12,72,5.277777778,128.3333333,109,88.22018349,14.16984134,1.35722465,early
PYPL,2017,yes,2017-02-23,54,9.722222222,125,109,88.22018349,14.16984134,1.35722465,early
PYPL,2018,yes,2018-03-29,88,7.5,133.0555556,109,88.22018349,14.16984134,1.35722465,early
PYPL,2019,no,2019-03-30,89,9.444444444,131.3888889,109,88.22018349,14.16984134,1.35722465,late
QY,2018,no,2018-02-20,51,11.66666667,131.6666667,30,60.43333333,17.29995681,3.15852553,early
QY,2019,no,2019-03-14,73,7.777777778,132.7777778,30,60.43333333,17.29995681,3.15852553,late
SESM,1999,yes,1999-03-28,87,7.7,132.45,30,107.7,9.534510819,1.74075555,early
SESM,2000,yes,2000-03-31,91,1.65,128.45,30,107.7,9.534510819,1.74075555,early
SESM,2001,yes,2001-04-30,120,3.6,130.05,30,107.7,9.534510819,1.74075555,late
SESM,2002,no,2002-04-13,103,8.2,129.4,30,107.7,9.534510819,1.74075555,early
SESM,2004,no,2004-04-27,118,6.75,127.7,30,107.7,9.534510819,1.74075555,late
SESM,2005,yes,2005-04-21,111,2.55,128.85,30,107.7,9.534510819,1.74075555,late
SESM,2006,no,2006-04-04,94,2.8,127.85,30,107.7,9.534510819,1.74075555,early
SESM,2007,no,2007-04-22,112,5.95,124.3,30,107.7,9.534510819,1.74075555,late
SESM,2008,no,2008-04-14,105,2.65,128.85,30,107.7,9.534510819,1.74075555,early
SESM,2009,yes,2009-04-23,113,7.15,131.95,30,107.7,9.534510819,1.74075555,late
SESM,2010,yes,2010-04-02,92,11.5,129.85,30,107.7,9.534510819,1.74075555,early
SESM,2011,no,2011-04-23,113,5.15,128.4,30,107.7,9.534510819,1.74075555,late
SESM,2012,no,2012-03-30,90,1.3,129.4,30,107.7,9.534510819,1.74075555,early
SESM,2013,yes,2013-04-26,116,4.9,131.55,30,107.7,9.534510819,1.74075555,late
SESM,2014,no,2014-04-15,105,14.45,135.4,30,107.7,9.534510819,1.74075555,early
SESM,2015,yes,2015-04-30,120,3.25,91.4,30,107.7,9.534510819,1.74075555,late
SESM,2016,no,2016-04-15,106,0.05,129.9,30,107.7,9.534510819,1.74075555,early
SESM,2017,no,2017-04-15,105,8.45,130.95,30,107.7,9.534510819,1.74075555,early
SESM,2018,no,2018-04-18,108,5.15,128.55,30,107.7,9.534510819,1.74075555,late
SESM,2019,yes,2019-04-19,109,6.65,129.55,30,107.7,9.534510819,1.74075555,late
SICK,2008,no,2008-02-06,37,13.61111111,131.3888889,29,52.13793103,15.83108186,2.939758099,early
SICK,2009,no,2009-03-07,66,14.16666667,133.0555556,29,52.13793103,15.83108186,2.939758099,late
SICK,2010,no,2010-03-06,65,6.388888889,126.1111111,29,52.13793103,15.83108186,2.939758099,late
SICK,2011,no,2011-03-05,64,11.94444444,135.5555556,29,52.13793103,15.83108186,2.939758099,late
SICK,2012,no,2012-02-01,32,12.77777778,131.1111111,29,52.13793103,15.83108186,2.939758099,early
SICK,2013,no,2013-02-15,46,6.944444444,129.1666667,29,52.13793103,15.83108186,2.939758099,early
SICK,2014,yes,2014-03-15,74,10.83333333,133.6111111,29,52.13793103,15.83108186,2.939758099,late
SICK,2015,no,2015-03-27,86,6.388888889,130.2777778,29,52.13793103,15.83108186,2.939758099,late
SICK,2016,no,2016-02-21,52,8.333333333,131.6666667,29,52.13793103,15.83108186,2.939758099,early
SICK,2017,no,2017-02-01,32,3.888888889,129.7222222,29,52.13793103,15.83108186,2.939758099,early
SICK,2018,no,2018-02-16,47,8.611111111,134.1666667,29,52.13793103,15.83108186,2.939758099,early
SICK,2019,no,2019-02-22,53,4.722222222,131.6666667,29,52.13793103,15.83108186,2.939758099,late
SLJN,2008,no,2008-03-15,75,7.5,131.6666667,30,79.53333333,12.28043954,2.242091252,early
SLJN,2009,yes,2009-03-26,85,5.555555556,128.8888889,30,79.53333333,12.28043954,2.242091252,late
SLJN,2010,no,2010-03-18,77,8.888888889,128.8888889,30,79.53333333,12.28043954,2.242091252,early
SLJN,2011,no,2011-03-18,77,15.55555556,136.6666667,30,79.53333333,12.28043954,2.242091252,early
SLJN,2012,no,2012-03-07,67,6.111111111,124.7222222,30,79.53333333,12.28043954,2.242091252,early
SLJN,2013,yes,2013-03-27,86,3.611111111,129.1666667,30,79.53333333,12.28043954,2.242091252,late
SLJN,2014,no,2014-04-05,95,6.944444444,127.7777778,30,79.53333333,12.28043954,2.242091252,late
SLJN,2015,no,2015-04-10,100,7.5,129.4444444,30,79.53333333,12.28043954,2.242091252,late
SLJN,2017,no,2017-02-24,55,15,128.0555556,30,79.53333333,12.28043954,2.242091252,early
SLJN,2018,yes,2018-03-01,60,7.777777778,128.3333333,30,79.53333333,12.28043954,2.242091252,early
SLJN,2019,yes,2019-03-24,83,6.111111111,132.7777778,30,79.53333333,12.28043954,2.242091252,late
SWWY,2000,yes,2000-02-24,55,5.277777778,127.2222222,30,37.73333333,19.15442388,3.497103344,late
SWWY,2001,no,2001-02-17,48,7.777777778,129.7222222,30,37.73333333,19.15442388,3.497103344,late
SWWY,2002,yes,2002-01-31,31,15.55555556,122.5,30,37.73333333,19.15442388,3.497103344,early
SWWY,2003,yes,2003-03-09,68,5.833333333,132.5,30,37.73333333,19.15442388,3.497103344,late
SWWY,2004,yes,2004-03-03,63,10.27777778,133.0555556,30,37.73333333,19.15442388,3.497103344,late
SWWY,2005,yes,2005-01-12,12,13.88888889,132.5,30,37.73333333,19.15442388,3.497103344,early
SWWY,2006,yes,2006-01-24,24,5,127.7777778,30,37.73333333,19.15442388,3.497103344,early
SWWY,2007,no,2007-01-22,22,1.388888889,130,30,37.73333333,19.15442388,3.497103344,early
SWWY,2008,yes,2008-02-08,39,3.888888889,130.2777778,30,37.73333333,19.15442388,3.497103344,late
SWWY,2009,yes,2009-02-27,58,11.38888889,134.7222222,30,37.73333333,19.15442388,3.497103344,late
SWWY,2010,yes,2010-03-13,72,12.5,125.5555556,30,37.73333333,19.15442388,3.497103344,late
SWWY,2011,yes,2011-02-26,57,2.5,128.3333333,30,37.73333333,19.15442388,3.497103344,late
SWWY,2012,yes,2012-02-01,32,7.777777778,125,30,37.73333333,19.15442388,3.497103344,early
SWWY,2013,yes,2013-01-31,31,8.888888889,133.6111111,30,37.73333333,19.15442388,3.497103344,early
SWWY,2014,yes,2014-03-08,67,5.555555556,129.1666667,30,37.73333333,19.15442388,3.497103344,late
SWWY,2015,no,2015-03-14,73,10.27777778,134.7222222,30,37.73333333,19.15442388,3.497103344,late
SWWY,2016,no,2016-02-23,54,6.388888889,127.5,30,37.73333333,19.15442388,3.497103344,late
SWWY,2017,no,2017-01-22,22,14.16666667,133.8888889,30,37.73333333,19.15442388,3.497103344,early
SWWY,2018,no,2018-02-13,44,3.888888889,128.8888889,30,37.73333333,19.15442388,3.497103344,late
SWWY,2019,yes,2019-02-05,36,11.66666667,127.7777778,30,37.73333333,19.15442388,3.497103344,early
TRTL,2014,no,2014-05-05,125,1.6,130.6,30,118.6,9.601005694,1.752895798,late
TRTL,2015,yes,2015-05-14,134,7.25,125.45,30,118.6,9.601005694,1.752895798,late
TRTL,2017,no,2017-04-28,118,15.2,133.95,30,118.6,9.601005694,1.752895798,early
TRTL,2018,no,2018-04-26,116,9.7,126,30,118.6,9.601005694,1.752895798,early
TRTL,2019,yes,2019-04-27,117,2.1,126.2,30,118.6,9.601005694,1.752895798,early
WKWE,2008,no,2008-03-28,88,2.222222222,130.5055556,30,87.83333333,15.50324401,2.830492152,late
WKWE,2009,yes,2009-03-16,75,6.666666667,124.1666667,30,87.83333333,15.50324401,2.830492152,early
WKWE,2010,no,2010-03-20,79,2.222222222,130.2777778,30,87.83333333,15.50324401,2.830492152,early
WKWE,2011,yes,2011-03-18,77,9.166666667,130.8333333,30,87.83333333,15.50324401,2.830492152,early
WKWE,2012,no,2012-02-18,49,2.777777778,130.5555556,30,87.83333333,15.50324401,2.830492152,early
WKWE,2013,no,2013-04-04,94,7.222222222,128.8888889,30,87.83333333,15.50324401,2.830492152,late
WKWE,2014,yes,2014-04-06,96,6.666666667,128.0555556,30,87.83333333,15.50324401,2.830492152,late
WKWE,2015,yes,2015-03-31,90,8.055555556,129.7222222,30,87.83333333,15.50324401,2.830492152,late
WKWE,2016,no,2016-03-08,68,17.77777778,130.8333333,30,87.83333333,15.50324401,2.830492152,early
WKWE,2017,yes,2017-02-21,52,11.94444444,130.5555556,30,87.83333333,15.50324401,2.830492152,early
WKWE,2018,yes,2018-03-06,65,1.944444444,130.2777778,30,87.83333333,15.50324401,2.830492152,early
WKWE,2019,no,2019-04-05,95,4.722222222,129.7222222,30,87.83333333,15.50324401,2.830492152,late
WMMY,2009,yes,2009-02-23,54,1.111111111,128.0555556,30,57.36666667,16.27666689,2.971699206,early
WMMY,2011,yes,2011-02-28,59,11.94444444,127.5,30,57.36666667,16.27666689,2.971699206,late
WMMY,2012,yes,2012-02-08,39,5.555555556,131.1111111,30,57.36666667,16.27666689,2.971699206,early
WMMY,2013,yes,2013-02-28,59,5,129.4444444,30,57.36666667,16.27666689,2.971699206,late
WMMY,2014,yes,2014-03-16,75,7.5,129.4444444,30,57.36666667,16.27666689,2.971699206,late
WMMY,2015,yes,2015-03-17,76,12.77777778,133.8888889,30,57.36666667,16.27666689,2.971699206,late
WMMY,2016,no,2016-03-01,61,6.388888889,128.0555556,30,57.36666667,16.27666689,2.971699206,late
WMMY,2017,yes,2017-02-02,33,4.444444444,129.7222222,30,57.36666667,16.27666689,2.971699206,early
WMMY,2018,yes,2018-02-21,52,16.38888889,127.5,30,57.36666667,16.27666689,2.971699206,early
WMMY,2019,yes,2019-02-27,58,2.222222222,128.6111111,30,57.36666667,16.27666689,2.971699206,late
WNWE,1959,no,1959-04-27,117,6.95,128.2,65,108.6769231,9.926460365,1.231225877,late
WNWE,1960,yes,1960-04-22,113,12.5,123.1,65,108.6769231,9.926460365,1.231225877,late
WNWE,1961,yes,1961-04-27,117,8.1,127.05,65,108.6769231,9.926460365,1.231225877,late
WNWE,1962,yes,1962-04-26,116,16.15,132,65,108.6769231,9.926460365,1.231225877,late
WNWE,1966,yes,1966-04-20,110,15.8,126.7,65,108.6769231,9.926460365,1.231225877,late
WNWE,1968,no,1968-04-12,103,15.25,137.2,65,108.6769231,9.926460365,1.231225877,early
WNWE,1969,yes,1969-04-20,110,3.85,127.15,65,108.6769231,9.926460365,1.231225877,late
WNWE,1970,no,1970-04-27,117,16.95,129.7,65,108.6769231,9.926460365,1.231225877,late
WNWE,1971,no,1971-05-02,122,3.35,129.4,65,108.6769231,9.926460365,1.231225877,late
WNWE,1972,no,1972-05-05,126,5.55,132.35,65,108.6769231,9.926460365,1.231225877,late
WNWE,1973,yes,1973-04-03,93,2.2,129.2,65,108.6769231,9.926460365,1.231225877,early
WNWE,1974,yes,1974-04-21,111,16.35,132.8,65,108.6769231,9.926460365,1.231225877,late
WNWE,1975,yes,1975-05-01,121,9.7,128.85,65,108.6769231,9.926460365,1.231225877,late
WNWE,1976,yes,1976-04-15,106,14.75,134.5,65,108.6769231,9.926460365,1.231225877,early
WNWE,1978,yes,1978-05-07,127,8.75,128.45,65,108.6769231,9.926460365,1.231225877,late
WNWE,1979,yes,1979-04-21,111,10.5,134.85,65,108.6769231,9.926460365,1.231225877,late
WNWE,1980,no,1980-04-21,112,6.55,129.25,65,108.6769231,9.926460365,1.231225877,late
WNWE,1983,no,1983-04-11,101,4,128.35,65,108.6769231,9.926460365,1.231225877,early
WNWE,1984,no,1984-04-18,109,5.3,131.75,65,108.6769231,9.926460365,1.231225877,late
WNWE,1985,no,1985-04-21,111,20.65,129.15,65,108.6769231,9.926460365,1.231225877,late
WNWE,1986,no,1986-04-08,98,3.35,130.7,65,108.6769231,9.926460365,1.231225877,early
WNWE,1987,no,1987-04-10,100,10.75,129.05,65,108.6769231,9.926460365,1.231225877,early
WNWE,1988,no,1988-04-11,102,4.1,130.55,65,108.6769231,9.926460365,1.231225877,early
WNWE,1989,yes,1989-04-27,117,6.8,128.6,65,108.6769231,9.926460365,1.231225877,late
WNWE,1990,no,1990-04-09,99,8,131.7,65,108.6769231,9.926460365,1.231225877,early
WNWE,1991,yes,1991-04-06,96,17.75,120.25,65,108.6769231,9.926460365,1.231225877,early
WNWE,1992,no,1992-04-26,117,7.5,133.05,65,108.6769231,9.926460365,1.231225877,late
WNWE,1993,yes,1993-05-01,121,7.05,127.3,65,108.6769231,9.926460365,1.231225877,late
WNWE,1994,yes,1994-04-22,112,1.8,129.8,65,108.6769231,9.926460365,1.231225877,late
WNWE,1995,yes,1995-04-15,105,1.45,129.45,65,108.6769231,9.926460365,1.231225877,early
WNWE,1996,no,1996-04-30,121,5.65,131.9,65,108.6769231,9.926460365,1.231225877,late
WNWE,1997,no,1997-04-26,116,6.05,129.75,65,108.6769231,9.926460365,1.231225877,late
WNWE,1998,no,1998-04-02,92,4.45,128.9,65,108.6769231,9.926460365,1.231225877,early
WNWE,1999,no,1999-04-06,96,10.65,133.65,65,108.6769231,9.926460365,1.231225877,early
WNWE,2000,yes,2000-03-24,84,6.5,129.85,65,108.6769231,9.926460365,1.231225877,early
WNWE,2001,no,2001-04-21,111,14.5,132.7,65,108.6769231,9.926460365,1.231225877,late
WNWE,2002,no,2002-04-14,104,8.3,123.2,65,108.6769231,9.926460365,1.231225877,early
WNWE,2003,no,2003-04-20,110,15.7,127.9,65,108.6769231,9.926460365,1.231225877,late
WNWE,2004,yes,2004-04-17,108,10.6,128.05,65,108.6769231,9.926460365,1.231225877,early
WNWE,2005,no,2005-04-15,105,6.6,125.9,65,108.6769231,9.926460365,1.231225877,early
WNWE,2006,no,2006-04-11,101,12.1,129.25,65,108.6769231,9.926460365,1.231225877,early
WNWE,2007,no,2007-04-14,104,1.35,129.7,65,108.6769231,9.926460365,1.231225877,early
WNWE,2008,no,2008-04-15,106,4,124.2,65,108.6769231,9.926460365,1.231225877,early
WNWE,2009,yes,2009-04-18,108,7.5,131.8,65,108.6769231,9.926460365,1.231225877,early
WNWE,2010,yes,2010-04-03,93,16.9,138.15,65,108.6769231,9.926460365,1.231225877,early
WNWE,2011,no,2011-04-25,115,6,130.85,65,108.6769231,9.926460365,1.231225877,late
WNWE,2012,no,2012-03-18,78,15.7,133.55,65,108.6769231,9.926460365,1.231225877,early
WNWE,2013,no,2013-04-18,108,13.45,131.5,65,108.6769231,9.926460365,1.231225877,early
WNWE,2014,yes,2014-04-27,117,5.3,130.95,65,108.6769231,9.926460365,1.231225877,late
WNWE,2015,no,2015-04-25,115,1.6,130.4,65,108.6769231,9.926460365,1.231225877,late
WNWE,2016,yes,2016-04-16,107,9.95,128.75,65,108.6769231,9.926460365,1.231225877,early
WNWE,2017,yes,2017-04-08,98,3.25,127.25,65,108.6769231,9.926460365,1.231225877,early
WNWE,2018,yes,2018-04-30,120,7.1,125.4,65,108.6769231,9.926460365,1.231225877,late
WNWE,2019,no,2019-04-22,112,11.15,127.5,65,108.6769231,9.926460365,1.231225877,late
WPWW,2012,yes,2012-03-22,82,13.85,129.8,30,112.4333333,11.74934579,2.145127241,early
WPWW,2013,no,2013-05-11,131,4.65,127.6,30,112.4333333,11.74934579,2.145127241,late
WPWW,2014,no,2014-05-06,126,8.65,130.4,30,112.4333333,11.74934579,2.145127241,late
WPWW,2015,no,2015-04-13,103,8.85,124.75,30,112.4333333,11.74934579,2.145127241,early
WY,2000,no,2000-03-07,67,13.85,135.05,29,90.37931034,21.6273864,4.016104831,early
WY,2001,no,2001-07-04,185,20.55,125.25,29,90.37931034,21.6273864,4.016104831,late
WY,2002,yes,2002-03-19,78,2.222222222,128.8888889,29,90.37931034,21.6273864,4.016104831,early
WY,2003,yes,2003-03-31,90,0.833333333,124.7222222,29,90.37931034,21.6273864,4.016104831,early
WY,2004,no,2004-03-26,86,14.44444444,128.6111111,29,90.37931034,21.6273864,4.016104831,early
WY,2005,no,2005-04-07,97,9.444444444,134.4444444,29,90.37931034,21.6273864,4.016104831,late
WY,2006,yes,2006-03-28,87,4.166666667,131.1111111,29,90.37931034,21.6273864,4.016104831,early
WY,2007,no,2007-03-26,85,17.77777778,136.6666667,29,90.37931034,21.6273864,4.016104831,early
WY,2008,no,2008-04-05,96,6.111111111,131.1111111,29,90.37931034,21.6273864,4.016104831,late
WY,2009,yes,2009-03-24,83,5,128.8888889,29,90.37931034,21.6273864,4.016104831,early
WY,2010,yes,2010-03-23,82,8.611111111,126.1111111,29,90.37931034,21.6273864,4.016104831,early
WY,2011,yes,2011-04-09,99,5,126.1111111,29,90.37931034,21.6273864,4.016104831,late
WY,2012,no,2012-03-14,74,11.94444444,133.6111111,29,90.37931034,21.6273864,4.016104831,early
WY,2013,no,2013-04-08,98,10.55555556,134.4444444,29,90.37931034,21.6273864,4.016104831,late
WY,2014,yes,2014-04-12,102,11.66666667,132.5,29,90.37931034,21.6273864,4.016104831,late
WY,2015,yes,2015-04-09,99,11.38888889,134.1666667,29,90.37931034,21.6273864,4.016104831,late
WY,2016,yes,2016-03-13,73,7.777777778,130.8333333,29,90.37931034,21.6273864,4.016104831,early
WY,2017,yes,2017-02-23,54,11.94444444,132.7777778,29,90.37931034,21.6273864,4.016104831,early
WY,2018,yes,2018-03-28,87,5.833333333,128.3333333,29,90.37931034,21.6273864,4.016104831,early
WY,2019,no,2019-04-04,94,3.055555556,129.1666667,29,90.37931034,21.6273864,4.016104831,late